Airplanes,https://www.factretriever.com/airplane-facts
Apes,https://www.factretriever.com/monkey-facts
Boats and Ships,http://sentence.yourdictionary.com/boats
Basketball,https://www.factretriever.com/basketball-facts
Bears,https://www.factretriever.com/bear-facts
Beer,http://sentence.yourdictionary.com/beer
Bees,http://sentence.yourdictionary.com/bees
Birds,https://www.factretriever.com/bird-facts
Bridges,http://sentence.yourdictionary.com/bridges
Butterflies,http://sentence.yourdictionary.com/butterflies
Candles,http://sentence.yourdictionary.com/candles
Cars,https://www.factretriever.com/car-facts
Cats,https://www.factretriever.com/cat-facts
Christmas,https://www.factretriever.com/christmas-facts
Coffee Mugs,https://www.factretriever.com/caffeine-facts
Dawn and Dusk,http://sentence.yourdictionary.com/sun
Dogs,http://sentence.yourdictionary.com/dogs
Elephant,http://sentence.yourdictionary.com/elephants
Fish,https://www.factretriever.com/fun-fish-facts
Flowers,http://sentence.yourdictionary.com/flowers
Food,https://www.factretriever.com/junk-food-facts
Pizza,https://www.factretriever.com/pizza-facts
Foxes and Wolves,https://www.factretriever.com/wolves-facts
Frogs,http://sentence.yourdictionary.com/frogs
Fruits,http://sentence.yourdictionary.com/fruits
Guns,http://sentence.yourdictionary.com/guns
Hair,http://sentence.yourdictionary.com/hair
Horses,http://sentence.yourdictionary.com/horses
Insects,http://sentence.yourdictionary.com/insects
Jellyfish,https://www.factretriever.com/jellyfish-facts
Lions,https://www.factretriever.com/lions
Military Machines,http://sentence.yourdictionary.com/weapons
Musical Instruments,http://sentence.yourdictionary.com/music?direct_search_result=yes
Panda,https://www.factretriever.com/giant-panda-facts
Perfume,http://sentence.yourdictionary.com/perfume
Rabbit and hares,http://sentence.yourdictionary.com/rabbits
Radios and Players,http://sentence.yourdictionary.com/radio
Santa,https://www.factretriever.com/santa-claus-facts
Shoes and Sandals,http://sentence.yourdictionary.com/shoes
Snakes,https://www.factretriever.com/snake-facts
Snowy Times,https://www.factretriever.com/winter-facts
Soccer,https://www.factretriever.com/soccer-facts
Spiders,https://www.factretriever.com/spider-facts
Staircase,http://sentence.yourdictionary.com/staircase
Swimwear,https://www.factretriever.com/swimsuit-facts
Swords,http://sentence.yourdictionary.com/swords
Tattoo,https://www.factretriever.com/tattoo-facts
Tigers,http://sentence.yourdictionary.com/tiger
Time Teller,http://sentence.yourdictionary.com/time
Trains,http://sentence.yourdictionary.com/trains
Vegetables,http://sentence.yourdictionary.com/vegetable
Volcanoes,https://www.factretriever.com/volcano-facts
Wedding ,https://www.factretriever.com/wedding-facts
Whales,https://www.factretriever.com/whale-facts
