Airplanes,"aircraft,airplanes,airplane,airlines-diecast-models-6,boeing-747-jumbo-17,airplanes-sailplanes-gliders"
Alcohol,"whisky-connoisseur,wines-spirits-and-cigars,booze-for-u,wine-cellar,wine-101,wine-everything-wine,wine-gift-bags,wine-on-the-go,wine"
Animals,"mammals,giraffes,animals-with-kids,pretty-pigs,donkey,animals,animal-love-giraffes,animals-love-pigs,animals-and-pets,pigs,47camel"
Apes,"primates,apes-and-monkeys,animals-apes-monkeys,animal-gorilla,monkeys,animal-white-headed-capuchin"
Architecture,"castles,castle,church,exposed-brick-type-of-stones-works,architectural-details,old-churches,churches,stone,crosses,architekturideen,megalith-structures"
Art,"avicena,glass-art-loetz,hong-kong-xianggang-meaning-fragrant-harbour,traditional-indian-dance,eyvind-earle,pottery,dentelles,tongabinga-winnowing-baskets-of-zimbabwe,black-board,vintage"
Bags,"cloth-bag,fab-bags,backpacks-bags,men-bags,bags,hand-bags,sactroussepochon,belt-bags-trend-outfits,leather-bags,canvas-bag,men-leather-bag"
Baloons,"4th-of-july-balloon-decorations,balloon-releases,hot-air-balloon-decorations,valentines-balloon-décor"
Barber Shops,"barber,quirky-barber-shops,barber-shop,barber-shops,salons"
Barns,"barns,barns-in-the-snow"
Basketball,"basketball,,athletes-basketball,athletes-basketball-2"
Bathroom,"bathroom,sanitary,bathtub,shower-curtains,toilet-seats,toilets"
Beach,"beach-bum,mexico-beach,love-the-beach,beach-beauty,beaches,on-the-beach,beach,seashore"
Bears,"da-bears,polar-bears,bear,animals-bear,south-america-kinkajou-honey-bear,bears,bears-black-brown-grizzley,bears-polar"
Beer," craft-beer,homebrewing,beer,beer-brewers,beer-design,beer-glasses,beer-packaging"
Bees,"bee-gardens, bee-hives,bees-bee-design,honey-comb,insects-bees-wasps"
Bikes,"bikes,bicycle,bicycles"
Bird houses,"bird-houses-cages-feeders,birdhouses"
Birds,"penguins,birds-peacock,hummingbirds,bird-bald-eagle,birds-water-fowl,flamingos"
Ducks and Hens,"chickens-chickens-chickens-and-more-chickens,duck-duck-goose-turkey-swan,poultry,birds,quail-duck,ducks-and-chicks,roosters-and-hen"
Boats and Ships,"boats,go-fast-boats,classic-yachts,ships,mighty-ships,coast-patrol-boats,ocean-fishing-boats"
Bookshelves,"bookshelves,bookslibrary"
Bridges,"bridges-tunnel, puentes,bridges,cabled-bridges,stone-arch-bridges,bridges-and-walkways,place-bridge,suspension-bridge"
Butterflies,"butterflies-and-dragonflies,butterflies-moths,animal-butterfly,butterflies,insects-butterflies,butterflies-and-moths,butterflies-moths-and-other-insects,butterfly,butterflys-vlinders"
Cameras,"cameras,polaroid,cameras-etc,portrait,camera-bag"
Camping,"camping-pillows,sleeping-bag-accessories,sleeping-bags-bedding,sleeping-bags"
Candles,"candles-holders,candle,candlelight"
Cars,"mopar-or-no-car,cars,carstrucks,porsche-cars,porsche-918,audi,mercedes,mclaren,tires"
Cats,"cats,kitty-cats"
Celebrities,"jet-li,shirley-temple,bob-marley"
Chairs ,"chairs,rocking-chair"
Christmas,"christmas-love,christmas,christmas-craft,christmas-décor,lego-christmas30-chistmas,natural-christmas"
Closets,"closets,closet,closet-dressing-room,personal-wardrobe,cabinets,mirrors"
Clothes,"kimono,orange,fashion-corner,office-style,fashion-dresses-2018-riva,clothing,ladies-in-red,ballet"
Coats and Jackets,"coats,fur-coat-3,fur-coat-3-3,fur-coat-3-6,jacket,sweater,trench-coat-styling"
Coffee Mugs,"coffee-cups,s6-travel-mugs-society6,coffee,1001-mugs,coffee-drinks,coffee-machines,coffee-mugs,coffee-tea-time,teapots,mugs"
Coral,"coral,corals,coral-reef,marine-sponges"
Couple,couples-photos
Dawn and Dusk,"sunrise-and-sunset,sunrise-sunset"
Denim,"denim,women-jeans"
Dogs,"dogs,bulldog,dalmatian,doberman,beagle,mans-best-friend,bulldogs,great-danes,dobermans,clumber-spaniel"
Dragon Ball,"dragon-ball-super,goku,goku-and-chi-chi,goku-gohan-goten"
Dragons,dragons
Electronis,"vacuum-cleaner,vending-machines,washing-machine,coca-cola-machine,electronics,radiators"
Elephant,"elephant-envy,elephants,elephants-are-in-my-heart"
Fire Fighters,"fire-fighters-trucks,firefightting,fire-trucks,american-fire-dept-trucks-1-1,american-fire-dept-trucks-1-1-1-1,european-fire-department-trucks-3-3"
Fish,"goldfish,marine-fishes,sea-world,fish-crab-shrimp-lobster-nautilus,aquatic-life,underwater-world,seals,under-the-sea,sea-creatures,sea-horse,ocean-creatures,animals-aquatic"
Flowers,"flowers,flowers-and-roses,flower"
Food,"foooddd,food-burgers,food-pops,burger-board,soups,burgers,food,noodle,fish-fowl-meat,bacon,fish-seafood,sandwiches,sloppy-joes,noodles,food-and-drink,soup,donuts"
Pizza,"pizza-dough,food-pizza-tonight,dough"
Foxes and Wolves,"foxes,wolves-foxes-other-pups,fox,animals-fox"
Frogs,"animalsfrogs,australian-frogs,turtles-and-frogs,frogs-and-toads,frogs,central-america-strawberry-poison-dart-frog,frogs-toads"
Fruits,"apple,fruit,all-about-bananas,mangoes,pineapples,banana,lemon,mango,pears"
Furnitures,"desk,furniture,teak-furniture,home-1-furniture,bench"
Garbage Trucks,"garbage-trucks,american-ba-big-dumpers-2"
Golf,"golf-balls,golf"
Guns,"guns,defense-weapons,guns-for-men,sniper-rifles,revolver,air-guns-10"
Hair,"hair,hair-care,red-hair"
Helicopters,"helicopters,military-planes-and-helicopters"
Helmets,"football-helmets,helmets"
Home Décor,"theres-no-place-like-home,fire-places,camp-fires,interior,material-glass,fire-place,lounge,window,flooring"
Horses,"horses,akhal-teke-the-golden-horse-of-the-desert,american-saddlebred,appaloosas,horse-drawn-carriage"
Ice cream and Desserts,"ice-cream,icecream-frozen-treats,just-desserts,desserts,ice-cream-machines,cup-cakes,food-ice-cream,ice-ice-baby,tasty-desserts,food-dessert"
Insects,"insects,insectos,insect-creature,insects-stinging-ants-wasps-bees,insects-ants,south-america-leafcutter-ants,ants"
Jellyfish,jellyfish-and
Jewellery,"jewelry-love,women-jewelry,bangles,diamond-jewellery,necklace,pendant,beautiful-necklaces,handmade-jewelry"
Kitchen Stuffs,"canning,chefs-pans,grill-pans-griddles,saucepans,waffle-irons"
Knives,"butter-knives,knives-cobra,knives-throwers"
Lamp and Lights,"lamp,lamper,1-2-l-a-m-p"
Leopard,southeast-asia-indochinese-leopard
Lighthouses,"lighthouses,stunning-ligththouses,light-house,place-lighthouse"
Lights of Nature,"northern-lights,aurora-borealis-northern-lights,rainbows"
Lions,lions
Mailbox,"mailbox,mailboxes"
Maps,"maps,puzzles"
Masks,masks
Men Fashion,"male-fashions,bow-tie,rain,shorts,suit,mens-fashion,streetwear-style,male-grooming,mens-hats,mens-sunglasses,mens-ties,mens-wallets,tuxedos"
Microphone and Speakers,"akg-recording-microphone,blue-microphones,jbl,sennheiser-microphone,speakers"
Military Aviation,"modern-military-aviation,314-clipper,a-10-thunderbolt-ii-warthog,a-24-banshee,b-23-dragon,airships,french-warplanes,french-ww2-ships,airliners-jets-3"
Military Machines,"ships-and-warships,tall-ships-rigged-ships,tankswarfare-military-personnel,usmc-marines,grenades,military-vehicles,tanks"
Submarines,"submarines,submarines-u-boats"
Molluscs,"octopus,marine-molluscs,shellfish"
Motorcycles,"bmw-custom-motorcycles,ducati-custom-motorcycles,kawasaki-custom-motorcycles,yamaha-custom-motorcycles,hardcore-harley-davidson-motorcycle-pics,harley-davidson-bike-pics,harley-davidson-bikers-all-over-the-world,harley-davidson-dream-motorcycles,three-wheeled-motorcycles,thunderbirds"
Mouse and Keyboards,"17-electronics-iron-mouse,office,tech,computer-keyboard-mouse,computers,technology"
Musical Instruments,"drums,guitars,electric-guitars,bass-guitar,bass-guitar-heaven-and-more,music,beautiful,beginner,lessons,violin,stringed-musical-instruments,learn-to-play-the-violin,revelle-strings-on-instagram,violin-art,violin-performances,musical-instruments,drum-sets-of-all-shapes,drum-snare-new-old"
Nails,"gel-nail-art,nail-polish-ideas"
Owl,"owl,beautiful-owls,owls,birds-owls"
Panda,"pandas,animals-pandas,pandas-1,pandas-2"
Pens and Paper,"fountain-pen-fans-unite,fountain-pens,how-to-use-a-fountain-pen,notebooks-paper,pencil-paper,journals,hand-lettering-ideas,vintage-lettering,fountain-pens-3,envelope-addressing,envelope-liners,coins-stamps-other-collectibles"
Perfume,"lovely-perfumes,perfume-bottles"
Phones,"android-phones,iphones,phones-handsets,antique-phone"
Invitations,"inspiring-envelopes,invitation-suites,rustic-wedding-invitations,wedding-invitations"
Pillows,"pillow-talk,pillows"
Police Cars,police-cars
Prom,"prom-dresses,prom-chicdresses-2018,prom-dress,special-occasion-dresses"
Rabbit and hares,"rabbit-bunny,animals-rabbits-hares,animals-bunnies,animals-bunny"
Radios and Players,"audio-cassette, cassette-player,portable-cassette-recorderplayer,portebletasche-radio,vintage-tape-rekorderszalagos-magn%C3%B3,vintage-wood-radios-no-catedral,akg-recording-microphone,radios"
Santa,"santa-claus,santa-baby"
Sauces,chocolate-sauces
Scooters,"vespa,vespa-scooter"
Sheets,"quilts,rugs,quilt,bedding-comforters,mat,comforter-sets"
Shoes and Sandals,"shoes,football-boots,sick-shoes,womens-boots-shoes-bags,boots,sandals,shoe,sneakers,boots-were-made-for-walking,shoes-and-bags,cowboys-and-cowgirls"
Snakes,"reptiles,snakes,snakes-and-lizards,reptiles-amphibians,snake,animal-snakes,one-slimy-snake,reptile-amphibian,lizard,snake-snake,chameleon,p-63-kingcobra,fish-eels-and-snakes"
Snowy Times,"snow,snowplow-stuff,snowplow-fun,snowmobiles,snow-vehicles,snowplows"
Soccer,"soccer-balls-adidas,soccer-balls-misc,soccer-balls-nike,soccer-balls-puma,soccer-balls,"
Space,"space,aviation-space,spaceships"
Spiders,"spiders,spiders-other-arachnids,p-61-black-widow"
Sports,"football-stadiums,baseball-stadiums,basketball-arenas,chicago-bears,goalkeeper-gloves,athletes-baseball,athletes-football,chicago-cubs-baseball,misc-baseball,football-kits,football-trophies"
Staircase,"stair-cases-and-railing,staircase,stairs,stairways"
Summer Time,"summer-style,beach-stylez,mood-summer-time,summer,s-u-m-m-a-t-i-m-e,summertime,water-skiing"
Sun Glasses,"sunglasses,sun-glasses"
Sweing Machines,"sewing-machines,sewing-machine"
Swimwear,"swimwear,bathing-suits,swim-suits"
Swords,swords
Tattoo,"tattoos,arm-tattoos,hourglass-tattoos,portrait-tattoos,skull-tattoos"
Taxi,"taxi,taxis"
Tennis,tennis
Tigers,"tigers,tigers-other-cats,big-cats"
Time Teller,"watches,hourglass,watchclock,mens-watches,pocket-watch"
Toys and Comics,"mech-robot,batman,deadpool,superman,wolverine,wwf,iron-man,animaux-tricotcrochet,poupees-originales,puppy-toys,dd-pooh,hulk,spider-man"
Trains,"barbados-railway,trains,train"
Trucks,"monster-trucks,trucks,classic-tractors,dodge-trucks-vans,milk-trucks,jeep-stuff"
T-Shirts,"pitbull-t-shirt,sweatshirt"
Turtles,"turtle,sea-turtles"
Type Writers,"type-writter,antique-typewriter"
Tomatoes,"tomatoes, tomato-garden,food-tomatoes"
Bell Peppers,"bell-peppers, food-bell-peppers"
Vegetables,"asparagus,avocado,mushrooms,vegetable,pumpkins,cauliflower,food-cauliflower"
Volcanoes,"volcan,volcanoes,volcano-eruption"
Water Bodies,water-stream
Wedding ,"wedding-ideas,wedding, wedding-fever,wedding-dresses,equestrian-inspired-themes-wedding"
Whales,"a-whale-of-a-time,dolphins,whales,marine-mammals"
Windmills,windmills
Wooden Spoons,"wooden-spoons,3-k-i-t-c-h-e-n"
Panther,"f9f-panther,black-panther"
